{"cameraMode":{"drawMode":0,"name":"Shaded","section":"Shading Mode"},"sceneLighting":true,"audioPlay":false,"sceneViewState":{"m_AlwaysRefresh":false,"showFog":true,"showSkybox":true,"showFlares":true,"showImageEffects":true,"showParticleSystems":true,"showVisualEffectGraphs":true,"m_FxEnabled":true},"in2DMode":false,"pivot":{"x":29.942947387695314,"y":5.989978790283203,"z":47.35697937011719},"rotation":{"x":-0.34094318747520449,"y":-0.02140931226313114,"z":0.0077757746912539009,"w":-0.9398514032363892},"size":15.461127281188965,"orthographic":false}